{"acid green": 1.23005944370288e-05, "african violet": 3.26301148515227e-05, "alice blue": 9.73677030378392e-06, "amaranth pink": 1.2140098223230162e-07, "amaranth purple": 2.7778190849763935e-07, "amaranth red": 6.172931299947541e-07, "amber": 0.003369887560035795, "antique brass": 1.2234749836496026e-05, "antique bronze": 8.819061183858386e-06, "antique ruby": 2.695513334310426e-07, "antique white": 1.1812932864332944e-05, "apple green": 5.1967850970491697e-05, "aquamarine": 0.00016182545167189142, "army green": 1.4500215623576774e-05, "ash gray": 1.6150445924429414e-05, "atomic tangerine": 1.1934333846565244e-07, "auburn": 0.001949629814762698, "aureolin": 7.160600307939147e-06, "azure": 0.0012857824945475063, "baby blue": 7.395583226090484e-05, "baby pink": 7.368422328370714e-06, "barbie pink": 5.349873793287869e-07, "barn red": 5.8046130657173375e-06, "battleship grey": 1.7222478326853639e-06, "beige": 0.000922655695540559, "bistre": 4.156851937384674e-05, "bistre brown": 6.522730740277901e-07, "black": 0.1619686945427067, "blond": 0.003743298462588455, "blood red": 0.00014933143872079762, "blue": 0.06899780791596256, "blue-green": 0.0007448649858832366, "blue sapphire": 1.505989472810535e-05, "bole": 0.0003162475010713791, "bottle green": 2.0273964032794372e-05, "brick red": 8.24353822232661e-05, "bright green": 0.0006177766762799166, "bright lilac": 3.7058164237351735e-06, "bright maroon": 1.3498143109218622e-06, "bright navy blue": 1.440350636654426e-07, "brilliant rose": 5.600906332819069e-06, "british racing green": 3.059716281007331e-06, "brown": 0.0720896748808238, "brunswick green": 4.590603243394321e-06, "bud green": 3.829275049734125e-06, "burgundy": 0.002133307443236404, "burlywood": 2.798395522642885e-07, "burnished brown": 3.3971698587377966e-06, "burnt orange": 3.8368883316707264e-05, "burnt sienna": 9.335118240534001e-05, "burnt umber": 7.722542820611039e-05, "cadet blue": 2.7078591969103213e-06, "cadet grey": 1.0123607331913966e-06, "cadmium green": 9.58861995258518e-07, "cadmium orange": 1.6673087441158306e-05, "cadmium red": 3.531739761076653e-05, "cadmium yellow": 4.955629247597886e-05, "cambridge blue": 3.4527262404373243e-06, "canary yellow": 4.8027463157358514e-05, "candy apple red": 4.8025405513591864e-06, "candy pink": 4.19142035266438e-06, "caput mortuum": 1.8611387869341834e-05, "caribbean green": 7.798469875600392e-07, "carmine": 0.0008279567564680638, "carnation pink": 2.9403729425416786e-06, "carolina blue": 5.288144480288393e-06, "carrot orange": 1.323064941955423e-06, "celadon blue": 1.255162697656e-07, "celadon green": 5.156455279222846e-06, "celtic blue": 4.0329817826323934e-07, "cerise": 0.00012174460874133205, "cerulean": 0.0001548171170026843, "cerulean blue": 4.076398066108691e-05, "champagne pink": 1.3168920106554754e-07, "charleston green": 4.547392724294688e-07, "cherry blossom pink": 1.4815035119874097e-07, "china pink": 2.5020948202454032e-06, "chinese red": 4.4745521349553073e-05, "chinese violet": 3.436265090304131e-07, "chinese yellow": 4.71817715692657e-06, "chrome yellow": 7.067389045309939e-05, "cinereous": 8.806098028128496e-05, "cinnamon satin": 1.1111276339905573e-07, "citrine": 9.765783080893675e-05, "claret": 0.0006654852046534445, "cobalt blue": 0.00017985452635527153, "cocoa brown": 5.985685717182465e-06, "columbia blue": 2.625553446244354e-06, "cool grey": 9.150341830288905e-06, "copper red": 1.679037313585731e-05, "coquelicot": 7.602993717768721e-06, "coral pink": 1.495907018353954e-05, "cornflower blue": 2.0660801060924417e-05, "crimson": 0.0039168956942493465, "cyan": 0.0002816132411911401, "dark brown": 0.002196991517814196, "dark cyan": 7.057718119606688e-07, "dark green": 0.0015067178787039287, "dark khaki": 1.428004774054531e-06, "dark lava": 5.810785997017285e-06, "dark magenta": 2.8395483979758686e-06, "dark moss green": 3.1687714006397377e-07, "dark olive green": 1.2905541704423659e-05, "dark orange": 5.080116695480161e-05, "dark orchid": 8.662680257593048e-07, "dark purple": 0.0002529029377150841, "dark red": 0.000862056028968974, "dark salmon": 1.8765711151840523e-06, "dark sea green": 2.7572426473099017e-07, "dark sienna": 6.008319798615606e-07, "dark sky blue": 2.386866769313049e-07, "dark slate blue": 7.098870994939671e-07, "dark slate gray": 1.574097481486623e-06, "dark turquoise": 2.9856411054079605e-06, "dark violet": 5.44534846406039e-05, "dartmouth green": 9.053632573256392e-07, "deep cerise": 7.757317000267409e-07, "deep champagne": 1.8930322653172457e-07, "deep chestnut": 1.2708007902825337e-05, "deep pink": 8.768648911575482e-05, "deep saffron": 1.5432328249868852e-06, "deep sky blue": 1.3312955170220197e-06, "deep taupe": 1.8107265146512787e-07, "denim blue": 3.277826520272144e-06, "dim gray": 1.443231337927735e-05, "dodger blue": 3.0062175430744524e-06, "drab": 0.0012504897886619396, "duke blue": 2.0164908913161967e-06, "dutch white": 3.43832273407078e-06, "earth yellow": 1.4259471302878818e-06, "ebony": 0.0012073224800814065, "ecru": 6.28836511525656e-05, "eerie black": 1.5144258122537966e-06, "egyptian blue": 8.940462166090687e-06, "electric blue": 4.314878978663331e-05, "electric green": 4.232573227997364e-06, "electric lime": 2.28398458098059e-07, "electric purple": 7.242906058605115e-07, "electric violet": 2.1399495173151474e-07, "english green": 4.177016846297836e-06, "english lavender": 8.965153891290478e-06, "english red": 1.1891123327465612e-05, "english violet": 2.646129883910846e-06, "eton blue": 3.436265090304131e-07, "feldgrau": 3.68935527360198e-06, "fern green": 1.8539370337509114e-06, "fiery rose": 1.187260453356577e-06, "fire engine red": 7.32726945303773e-06, "floral white": 2.901277710975344e-07, "fluorescent blue": 3.310748820538531e-06, "french beige": 1.6255385756528522e-07, "french blue": 1.6442631339293598e-05, "french lime": 1.851879389984262e-07, "french pink": 7.530976185935999e-07, "french violet": 3.004159899307803e-07, "fuchsia": 0.00020696604062464115, "fuchsia purple": 3.333382901971672e-07, "fulvous": 0.00018385870112517085, "gainsboro": 6.563883615610885e-06, "gamboge": 9.582858550038562e-05, "ghost white": 2.6543604589774424e-06, "glaucous": 0.0004047508747624936, "go green": 1.1981659653198177e-05, "gold": 0.06387424818763715, "golden brown": 0.0005798584169481055, "golden yellow": 0.00023119685362070187, "granite gray": 2.864240123175659e-06, "gray": 0.0371681535272542, "green": 0.07781389580457815, "green-yellow": 3.235027529925841e-05, "grullo": 6.0638761803151344e-06, "hansa yellow": 4.7778488261593965e-06, "harvest gold": 5.944532841849481e-06, "heliotrope gray": 1.440350636654426e-07, "honolulu blue": 1.3991977613214424e-07, "hooker's green": 7.506284460736209e-06, "hot magenta": 3.395112214971147e-07, "hot pink": 6.420054316322107e-05, "hunter green": 1.7827425594248497e-05, "icterine": 2.2716387183806948e-06, "imperial red": 2.3560021128133113e-06, "india green": 1.9136087029837376e-07, "indian red": 4.043064237088974e-05, "indian yellow": 1.3852057837082282e-05, "indigo": 0.001714299154814798, "indigo dye": 1.0035128649948052e-05, "international klein blue": 6.749071554609311e-07, "isabelline": 1.1808817576799645e-05, "ivory": 0.004925190523357844, "june bud": 2.1605259549816392e-07, "jungle green": 5.008304928024105e-06, "kelly green": 1.9806878897765008e-05, "laurel green": 3.014448118141049e-06, "lavender blue": 1.3259456432287317e-05, "lavender blush": 1.9136087029837376e-07, "lavender gray": 2.2757540059139932e-06, "lawn green": 2.0741049167823736e-06, "lemon yellow": 9.647468564311346e-05, "light blue": 0.0007301446023766283, "light coral": 2.1975635427813244e-06, "light cyan": 3.1029268001069635e-06, "light gray": 0.00047267575314334975, "light green": 0.0005731998817192288, "light orange": 5.8751902469134044e-05, "light periwinkle": 8.024810689931803e-07, "light pink": 0.00011564163732945058, "light salmon": 6.310793432313036e-06, "light sea green": 4.526816286628196e-07,